Job Title,Company Name,Phone Number,Email,Job URL
Business Analyst - Insurance,Real Time Australia P/L,,,https://www.seek.com.au/job/51210668?type=standout#searchRequestToken=c3f02e23-00d4-48e7-a597-0c3222baff42
Business Analyst - Insurance - Contract,Real Time Australia P/L,,,https://www.seek.com.au/job/51208496?type=standout#searchRequestToken=c3f02e23-00d4-48e7-a597-0c3222baff42
Business Analyst - Insurance - Contract,Real Time Australia P/L,,,https://www.seek.com.au/job/51208781?type=standout#searchRequestToken=c3f02e23-00d4-48e7-a597-0c3222baff42
Automotive Finance and Insurance Manager - TeamMoto various Melbourne locations!,TeamMoto Motorcycles,07 3050 5564,,https://www.seek.com.au/job/51197063?type=standout#searchRequestToken=c3f02e23-00d4-48e7-a597-0c3222baff42
Client Executive,MAYDAY Recruitment,0466 028 894,,https://www.seek.com.au/job/51213983?type=standard#searchRequestToken=c3f02e23-00d4-48e7-a597-0c3222baff42
Temporary Property Claims Consultant,Ensure Recruitment - Seek Award Winner - Best Small Specialist,0431 037 228,,https://www.seek.com.au/job/51207184?type=standard#searchRequestToken=c3f02e23-00d4-48e7-a597-0c3222baff42
Claims Consultant - Expression of Interest ,Fuse Recruitment,,,https://www.seek.com.au/job/51190095?type=standout#searchRequestToken=c3f02e23-00d4-48e7-a597-0c3222baff42
Cadet Automotive Finance & Insurance Consultant,Zagame Automotive Group,,,https://www.seek.com.au/job/51194697?type=standout#searchRequestToken=c3f02e23-00d4-48e7-a597-0c3222baff42
Administration Assistant,MLC Life Insurance,,,https://www.seek.com.au/job/51214819?type=standout#searchRequestToken=c3f02e23-00d4-48e7-a597-0c3222baff42
Junior Business Analyst - Insurance,2XM Technology Pty Ltd,,zoe.markell@2xmtechnology.com.au,https://www.seek.com.au/job/51170965?type=standard#searchRequestToken=c3f02e23-00d4-48e7-a597-0c3222baff42
Estimator,Beacon Building Services,,,https://www.seek.com.au/job/51203706?type=standout#searchRequestToken=c3f02e23-00d4-48e7-a597-0c3222baff42
Senior Business Analyst - Insurance,2XM Technology Pty Ltd,,zoe.markell@2xmtechnology.com.au,https://www.seek.com.au/job/51170926?type=standard#searchRequestToken=c3f02e23-00d4-48e7-a597-0c3222baff42
Construction Supervisor - Competitive Salary + Vehicle + Super,JP Flynn Builders,,,https://www.seek.com.au/job/51171206?type=standout#searchRequestToken=c3f02e23-00d4-48e7-a597-0c3222baff42
"Maintenance Plumber ""Get off the tools""",True Blue Plumbing,,,https://www.seek.com.au/job/51201109?type=standout#searchRequestToken=c3f02e23-00d4-48e7-a597-0c3222baff42
Remedial Massage Therapist Myotherapist,AHA Remedial Massage and Myotherapy,,,https://www.seek.com.au/job/51210925?type=standout#searchRequestToken=c3f02e23-00d4-48e7-a597-0c3222baff42
National Claims Manager,Sportscover Australia,0410 093 993,simon.allatson@sportscover.com,https://www.seek.com.au/job/51165682?type=standout#searchRequestToken=c3f02e23-00d4-48e7-a597-0c3222baff42
Skilled Labourer / Multi Trade - Competitive Salary + Vehicle + Super,JP Flynn Builders,,,https://www.seek.com.au/job/51142532?type=standout#searchRequestToken=c3f02e23-00d4-48e7-a597-0c3222baff42
Performance Manager,Gallagher Bassett,,,https://www.seek.com.au/job/51192477?type=standout#searchRequestToken=c3f02e23-00d4-48e7-a597-0c3222baff42
Experienced Painter,ReconstructTM Pty Ltd,,,https://www.seek.com.au/job/51117953?type=standard#searchRequestToken=c3f02e23-00d4-48e7-a597-0c3222baff42
Senior Health Insurance Sales Advisor,Health Insurance Comparison,,,https://www.seek.com.au/job/51103942?type=standout#searchRequestToken=c3f02e23-00d4-48e7-a597-0c3222baff42
Senior Health Insurance Sales Advisor,Health Insurance Comparison,,,https://www.seek.com.au/job/51103785?type=standout#searchRequestToken=e9098b18-547b-4085-b0d0-496bc9738603
Customer Service - Call Centre,Steamatic,,,https://www.seek.com.au/job/51215467?type=standout#searchRequestToken=e9098b18-547b-4085-b0d0-496bc9738603
Account Executive: Corporate,Lawson Delaney,0430 020 315,lesley@lawsondelaney.com.au,https://www.seek.com.au/job/51156770?type=standout#searchRequestToken=e9098b18-547b-4085-b0d0-496bc9738603
Business Manager - Automotive Finance and Insurance Sales - Car Dealership,,0450060931,recruitment@waggroup.com.au,https://www.seek.com.au/job/51148253?type=standard#searchRequestToken=e9098b18-547b-4085-b0d0-496bc9738603
Business Manager - Automotive Finance and Insurance Sales - Car Dealership,,0450060931,recruitment@waggroup.com.au,https://www.seek.com.au/job/51148271?type=standard#searchRequestToken=e9098b18-547b-4085-b0d0-496bc9738603
Insurance - Legal secretary,Kaleidoscope Legal Recruitment,8676 0382,,https://www.seek.com.au/job/51201236?type=standard#searchRequestToken=e9098b18-547b-4085-b0d0-496bc9738603
Relationship Manager,Sedgwick Australia Pty Ltd,,,https://www.seek.com.au/job/51191606?type=standout#searchRequestToken=e9098b18-547b-4085-b0d0-496bc9738603
INVESTIGATORS- FACTUAL & SURVEILLANCE - Melbourne & Rural,Maurice J. Kerrigan & Associates PtyLtd,,Admin@kerrigans.com.au,https://www.seek.com.au/job/51211987?type=standard#searchRequestToken=e9098b18-547b-4085-b0d0-496bc9738603
Desktop Estimator - Insurance Building Repairs,Townsend Building Services,,,https://www.seek.com.au/job/51151649?type=standard#searchRequestToken=e9098b18-547b-4085-b0d0-496bc9738603
Clinical Trials Coordinator - Haematology,Epworth Healthcare,,,https://www.seek.com.au/job/51217552?type=standard#searchRequestToken=e9098b18-547b-4085-b0d0-496bc9738603
Program Manager,Profusion PAC Pty Ltd,,,https://www.seek.com.au/job/51108743?type=standard#searchRequestToken=e9098b18-547b-4085-b0d0-496bc9738603
Restoration Technician - Insurance Building Restoration,Steamatic Brimbank,,,https://www.seek.com.au/job/51135335?type=standout#searchRequestToken=e9098b18-547b-4085-b0d0-496bc9738603
Risk Consultant,Talent – SEEK Recruitment Agency of the Year | 7 Time Winner,03 9236 7745,,https://www.seek.com.au/job/51142490?type=standout#searchRequestToken=e9098b18-547b-4085-b0d0-496bc9738603
Trainee Finance and Insurance Business Manager,N G P Melbourne Pty Ltd,,,https://www.seek.com.au/job/51184269?type=standout#searchRequestToken=e9098b18-547b-4085-b0d0-496bc9738603
Urgent Requirement : 2 X Underwriters for Global Insurer,Oceans Group,0290371856,sarahw@oceansgroup.com.au,https://www.seek.com.au/job/51172015?type=standout#searchRequestToken=e9098b18-547b-4085-b0d0-496bc9738603
Urgent Requirement : 2 X Underwriters for Global Insurer,Oceans Group,0290371856,sarahw@oceansgroup.com.au,https://www.seek.com.au/job/51172023?type=standout#searchRequestToken=e9098b18-547b-4085-b0d0-496bc9738603
Account Executive,Lawson Delaney,0430 020 315,lesley@lawsondelaney.com.au,https://www.seek.com.au/job/51194823?type=standout#searchRequestToken=e9098b18-547b-4085-b0d0-496bc9738603
Risk and Control Business Partner,Bupa,,,https://www.seek.com.au/job/51160650?type=standard#searchRequestToken=e9098b18-547b-4085-b0d0-496bc9738603
Senior Knowledge Lawyer,Hall & Wilcox Lawyers,03 9603 3669,,https://www.seek.com.au/job/51152932?type=standout#searchRequestToken=e9098b18-547b-4085-b0d0-496bc9738603
WANTED - Professional Lines Insurance Brokers - All levels,Hooker & Heijden,0422 561 621,Niki@hookerheijden.com.au,https://www.seek.com.au/job/51195900?type=standard#searchRequestToken=e9098b18-547b-4085-b0d0-496bc9738603
Courier Driver - 1 & 2 Tonne Vans,Direct Couriers,,,https://www.seek.com.au/job/51196849?type=standout#searchRequestToken=428e4bd8-a34d-4f61-b457-749d63c7af4a
Supervisor,Claim Central,,,https://www.seek.com.au/job/51144122?type=standout#searchRequestToken=428e4bd8-a34d-4f61-b457-749d63c7af4a
Senior Financial Accountant,RACQ,,michaela.marks@racq.com.au,https://www.seek.com.au/job/51180987?type=standout#searchRequestToken=428e4bd8-a34d-4f61-b457-749d63c7af4a
Sleep Scientist,Mitcham Private Hospital Ramsay Health,,AmaranayakeVithanA@ramsayhealth.com.au,https://www.seek.com.au/job/51211593?type=standard#searchRequestToken=428e4bd8-a34d-4f61-b457-749d63c7af4a
Data and Analytics Specialist,Toyota Insurance,,jobs@adica.com.au,https://www.seek.com.au/job/51126399?type=standout#searchRequestToken=428e4bd8-a34d-4f61-b457-749d63c7af4a
"Senior Partnership Manager, Lenders Mortgage Insurance",QBE Insurance,,recruitment@qbe.com,https://www.seek.com.au/job/51108889?type=standard#searchRequestToken=428e4bd8-a34d-4f61-b457-749d63c7af4a
Account Executive - General Insurance,McKenzie Ross,,david@mckenzieross.com.au,https://www.seek.com.au/job/51100528?type=standout#searchRequestToken=428e4bd8-a34d-4f61-b457-749d63c7af4a
"Legal Secretary, Insurance litigation",Clyde & Co,02 9210 4529,vivienne.micheletti@clydeco.com,https://www.seek.com.au/job/51184832?type=standout#searchRequestToken=428e4bd8-a34d-4f61-b457-749d63c7af4a
Business Manager,NGP Lorimer Pty Ltd,,,https://www.seek.com.au/job/51128618?type=standout#searchRequestToken=428e4bd8-a34d-4f61-b457-749d63c7af4a
Client Development Manager,AIA Australia,,Emily.Vegas@aia.com,https://www.seek.com.au/job/51147034?type=standout#searchRequestToken=428e4bd8-a34d-4f61-b457-749d63c7af4a
Client Development Manager,AIA Australia,,Emily.Vegas@aia.com,https://www.seek.com.au/job/51147119?type=standout#searchRequestToken=428e4bd8-a34d-4f61-b457-749d63c7af4a
Caravan Repairs & Servicing Technician ,Crusader Caravans RV Melbourne pty ltd,,,https://www.seek.com.au/job/51202372?type=standout#searchRequestToken=428e4bd8-a34d-4f61-b457-749d63c7af4a
ANUM DOSA,Mitcham Private Hospital Ramsay Health,,smithn1@ramsayhealth.com.au,https://www.seek.com.au/job/51207776?type=standard#searchRequestToken=428e4bd8-a34d-4f61-b457-749d63c7af4a
Marketing Specialist - member communications ,Bluefin Resources Pty Limited,,,https://www.seek.com.au/job/51116181?type=standard#searchRequestToken=428e4bd8-a34d-4f61-b457-749d63c7af4a
Business Analyst,AIA Australia,,Owen.Fox@aia.com,https://www.seek.com.au/job/51107293?type=standout#searchRequestToken=428e4bd8-a34d-4f61-b457-749d63c7af4a
Casual Relief and Contract Teachers,Teach Direct Pty Ltd,,info@teachdirect.com.au,https://www.seek.com.au/job/51213673?type=standout#searchRequestToken=428e4bd8-a34d-4f61-b457-749d63c7af4a
Automotive Finance & Insurance Business Manager,NetYourJob,,,https://www.seek.com.au/job/51186351?type=standout#searchRequestToken=428e4bd8-a34d-4f61-b457-749d63c7af4a
"Registered Migration Agent & Student counsellors [VIC, QLD & SA]",Elixir Group,,,https://www.seek.com.au/job/51199418?type=standard#searchRequestToken=428e4bd8-a34d-4f61-b457-749d63c7af4a
Contact/Access Supervisors,family contact service,,julie@familycontactservice.com.au,https://www.seek.com.au/job/51203926?type=standout#searchRequestToken=428e4bd8-a34d-4f61-b457-749d63c7af4a
Technical & Injury Management Specialist,Suncorp,,,https://www.seek.com.au/job/51183549?type=standard#searchRequestToken=428e4bd8-a34d-4f61-b457-749d63c7af4a
Technical & Injury Management Specialist,Suncorp,,,https://www.seek.com.au/job/51183553?type=standard#searchRequestToken=57644271-1049-4e85-8c96-e3690b974bf1
Technical & Injury Management Specialist,Suncorp,,,https://www.seek.com.au/job/51183555?type=standard#searchRequestToken=57644271-1049-4e85-8c96-e3690b974bf1
Supervisor | Melbourne,Bay Building Services,,,https://www.seek.com.au/job/51197186?type=standout#searchRequestToken=57644271-1049-4e85-8c96-e3690b974bf1
Supervisor,Claim Central,,,https://www.seek.com.au/job/51180337?type=standout#searchRequestToken=57644271-1049-4e85-8c96-e3690b974bf1
Operations Assistant,True Blue Plumbing,,,https://www.seek.com.au/job/51107544?type=standout#searchRequestToken=57644271-1049-4e85-8c96-e3690b974bf1
Nurse Unit Manager (PACU/Anaesthetics)- Orthopaedics- based in Australia,Kinetic Recruitment,0226579248,dee@kinetic.co.nz,https://www.seek.com.au/job/51161229?type=standout#searchRequestToken=57644271-1049-4e85-8c96-e3690b974bf1
Proposition Development Manager,AIA Australia,,Emily.Vegas@aia.com,https://www.seek.com.au/job/51122732?type=standout#searchRequestToken=57644271-1049-4e85-8c96-e3690b974bf1
Restoration Technician,Bay Building Services,,,https://www.seek.com.au/job/51197181?type=standout#searchRequestToken=57644271-1049-4e85-8c96-e3690b974bf1
PT Occupational Therapist,Nimbus Health,,,https://www.seek.com.au/job/51204703?type=standard#searchRequestToken=57644271-1049-4e85-8c96-e3690b974bf1
Finance & Insurance Business Manager - Bayford Group,Autopact Pty Ltd,,,https://www.seek.com.au/job/51121370?type=standout#searchRequestToken=57644271-1049-4e85-8c96-e3690b974bf1
Group Operational Risk Senior Specialist,Q1 Professional Services,0409 979 811,,https://www.seek.com.au/job/51100646?type=standard#searchRequestToken=57644271-1049-4e85-8c96-e3690b974bf1
PT/FT Physiotherapist,Nimbus Health,,,https://www.seek.com.au/job/51203836?type=standard#searchRequestToken=57644271-1049-4e85-8c96-e3690b974bf1
Finance Manager - Delivery Hub,Bupa,,,https://www.seek.com.au/job/51162058?type=standard#searchRequestToken=57644271-1049-4e85-8c96-e3690b974bf1
Experienced Plumber,Jarvis Plumbing and Roofing,,simon@jarvispr.com.au,https://www.seek.com.au/job/51212255?type=standard#searchRequestToken=57644271-1049-4e85-8c96-e3690b974bf1
Claims Consultant,Fuse Recruitment,0435 727 524,,https://www.seek.com.au/job/51102495?type=standout#searchRequestToken=57644271-1049-4e85-8c96-e3690b974bf1
Insurance Litigation/Building Construction 2-5 years PQE,William Roberts Lawyers,,recruitment@williamroberts.com.au,https://www.seek.com.au/job/51150780?type=standard#searchRequestToken=57644271-1049-4e85-8c96-e3690b974bf1
Business Development Manager,Employment Innovations Group Pty Ltd,,,https://www.seek.com.au/job/51117298?type=standout#searchRequestToken=57644271-1049-4e85-8c96-e3690b974bf1
Store Person,Fuse Recruitment,07 3343 6777,,https://www.seek.com.au/job/51166387?type=standout#searchRequestToken=57644271-1049-4e85-8c96-e3690b974bf1
Podiatrist - Melbourne CBD,My FootDr Podiatry Centres,,careers@healthia.com.au,https://www.seek.com.au/job/51101230?type=standout#searchRequestToken=57644271-1049-4e85-8c96-e3690b974bf1
Warehouse Storeperson,WRB Nominees Pty Ltd t/as Paramount Safety Products,,,https://www.seek.com.au/job/51199734?type=standout#searchRequestToken=57644271-1049-4e85-8c96-e3690b974bf1
Sales Consultant - Recruitment,Aston Carter,,,https://www.seek.com.au/job/51101366?type=standard#searchRequestToken=1b4806e6-03e2-4265-9763-2412caea4902
Supervisor | Melbourne,Bay Building Services,,,https://www.seek.com.au/job/51092313?type=standout#searchRequestToken=1b4806e6-03e2-4265-9763-2412caea4902
Estimator/Assessor - Building Repairs,AJ Grant Building,,,https://www.seek.com.au/job/51156873?type=standout#searchRequestToken=1b4806e6-03e2-4265-9763-2412caea4902
Physiotherapists - Aged Care,KEO Physio Group,,,https://www.seek.com.au/job/51157293?type=standard#searchRequestToken=1b4806e6-03e2-4265-9763-2412caea4902
Carpenter,Aus Labour & Recruitment,,,https://www.seek.com.au/job/51131264?type=standard#searchRequestToken=1b4806e6-03e2-4265-9763-2412caea4902
INSURANCE BROKING AND CLAIMS JOBS - 12 positions - MELBOURNE!!,Insurance Appointments,0412 308829,ian@insuranceappointments.com.au,https://www.seek.com.au/job/51215031?type=standard#searchRequestToken=1b4806e6-03e2-4265-9763-2412caea4902
IT Service Desk Analyst,Maurice Blackburn Lawyers,,,https://www.seek.com.au/job/51208309?type=standout#searchRequestToken=1b4806e6-03e2-4265-9763-2412caea4902
Psychologist - Melbourne - 2021 Start,LiveBig,0418 772 683,vacancies@livebig.com.au,https://www.seek.com.au/job/51207361?type=standout#searchRequestToken=1b4806e6-03e2-4265-9763-2412caea4902
Finance Consultant - VIC,Stratton Finance,,,https://www.seek.com.au/job/51186885?type=standout#searchRequestToken=1b4806e6-03e2-4265-9763-2412caea4902
Automotive Dealership Business Manager (Finance & Insurance Manager),Vroom Vroom Automotive,1300 876 661,sam@vroomrecruitment.com.au,https://www.seek.com.au/job/51202726?type=standout#searchRequestToken=1b4806e6-03e2-4265-9763-2412caea4902
Business Systems Analyst,Urbis,,careers@urbis.com.au,https://www.seek.com.au/job/51192244?type=standout#searchRequestToken=1b4806e6-03e2-4265-9763-2412caea4902
Legal Secretary - (Insurance Litigation),Clyde & Co,02 9210 4529,vivienne.micheletti@clydeco.com,https://www.seek.com.au/job/51164006?type=standout#searchRequestToken=1b4806e6-03e2-4265-9763-2412caea4902
Project Administrator / Co-ordinator -  X2 roles,JP Flynn Builders,,,https://www.seek.com.au/job/51212651?type=standout#searchRequestToken=1b4806e6-03e2-4265-9763-2412caea4902
Recruitment Consultant,Alexander Mann Solutions,,Lena.Sng@alexmann.com,https://www.seek.com.au/job/51128614?type=standout#searchRequestToken=1b4806e6-03e2-4265-9763-2412caea4902
Medical Receptionist,I-MED Radiology Network,,,https://www.seek.com.au/job/51181638?type=standout#searchRequestToken=1b4806e6-03e2-4265-9763-2412caea4902
Disability Support Worker - South East Suburbs,BaseCamp Consulting,,,https://www.seek.com.au/job/51161779?type=standout#searchRequestToken=1b4806e6-03e2-4265-9763-2412caea4902
Dental Assistant - Melbourne,HCF,,,https://www.seek.com.au/job/51211455?type=standout#searchRequestToken=1b4806e6-03e2-4265-9763-2412caea4902
Medical Receptionist - 6 month contract,I-MED Radiology Network,,,https://www.seek.com.au/job/51166898?type=standout#searchRequestToken=1b4806e6-03e2-4265-9763-2412caea4902
Automotive- Service Advisor,Patterson Cheney Cars and Trucks,,,https://www.seek.com.au/job/51198523?type=standout#searchRequestToken=1b4806e6-03e2-4265-9763-2412caea4902
Eligibility Officer,Gallagher Bassett,,,https://www.seek.com.au/job/51162250?type=standout#searchRequestToken=1b4806e6-03e2-4265-9763-2412caea4902
Eligibility Officer,Gallagher Bassett,,,https://www.seek.com.au/job/51162278?type=standout#searchRequestToken=18c7e132-f394-48e6-9ed2-a70322878c10
Claims Consultants | Brisbane CBD,Gallagher Bassett,,,https://www.seek.com.au/job/51137252?type=standout#searchRequestToken=18c7e132-f394-48e6-9ed2-a70322878c10
Duty Manager,Metro Trains Melbourne,,,https://www.seek.com.au/job/51099900?type=standout#searchRequestToken=18c7e132-f394-48e6-9ed2-a70322878c10
Sonographer | Melbourne CBD ,Healthcare Professionals Group,0403039232,slouey@hpgconnect.com,https://www.seek.com.au/job/51099175?type=standard#searchRequestToken=18c7e132-f394-48e6-9ed2-a70322878c10
Senior Business Consultant,Bravura Solutions,,,https://www.seek.com.au/job/51182030?type=standout#searchRequestToken=18c7e132-f394-48e6-9ed2-a70322878c10
Tradesperson | Building Maintenance Technician,Melbourne Building Technology Pty. Ltd.,,,https://www.seek.com.au/job/51131424?type=standout#searchRequestToken=18c7e132-f394-48e6-9ed2-a70322878c10
Fleet Sales Consultant,AHG,,,https://www.seek.com.au/job/51202043?type=standout#searchRequestToken=18c7e132-f394-48e6-9ed2-a70322878c10
Oracle Cloud Transformation Director - Sydney / Melbourne,DXC Technology,,,https://www.seek.com.au/job/51118853?type=standard#searchRequestToken=18c7e132-f394-48e6-9ed2-a70322878c10
Lead Engineer-Power System Modelling,Australian Energy Market Operator,,,https://www.seek.com.au/job/51143380?type=standard#searchRequestToken=18c7e132-f394-48e6-9ed2-a70322878c10
Panel Physician - Melbourne,Bupa,,,https://www.seek.com.au/job/51201563?type=standout#searchRequestToken=18c7e132-f394-48e6-9ed2-a70322878c10
Panel Physician - Melbourne,Bupa,,,https://www.seek.com.au/job/51201573?type=standout#searchRequestToken=18c7e132-f394-48e6-9ed2-a70322878c10
Commissions Analyst,Partners Wealth Group,,,https://www.seek.com.au/job/51157688?type=standout#searchRequestToken=18c7e132-f394-48e6-9ed2-a70322878c10
Property Manager,Mirvac Group,02 9080 8408,,https://www.seek.com.au/job/51111050?type=standout#searchRequestToken=18c7e132-f394-48e6-9ed2-a70322878c10
"Territory Manager, Infection Control, Sydney, NSW",i-Pharm Consulting Australia Pty Ltd,02 8310 5848,jmccune@i-pharmconsulting.com,https://www.seek.com.au/job/51122745?type=standout#searchRequestToken=18c7e132-f394-48e6-9ed2-a70322878c10
Community Relations Consultant (Melbourne),My Plan Manager,,,https://www.seek.com.au/job/51175268?type=standout#searchRequestToken=18c7e132-f394-48e6-9ed2-a70322878c10
Claims & Recoveries Specialist,QBE Insurance,,recruitment@qbe.com,https://www.seek.com.au/job/51132286?type=standard#searchRequestToken=18c7e132-f394-48e6-9ed2-a70322878c10
Operations Commercial Lead,Australian Energy Market Operator,,,https://www.seek.com.au/job/51127964?type=standout#searchRequestToken=18c7e132-f394-48e6-9ed2-a70322878c10
Operations Commercial Lead,Australian Energy Market Operator,,,https://www.seek.com.au/job/51127984?type=standout#searchRequestToken=18c7e132-f394-48e6-9ed2-a70322878c10
Operations Commercial Lead,Australian Energy Market Operator,,,https://www.seek.com.au/job/51127998?type=standout#searchRequestToken=18c7e132-f394-48e6-9ed2-a70322878c10
Billing and Administration Assistant (Brisbane),Clyde & Co,02 9210 4529,vivienne.micheletti@clydeco.com,https://www.seek.com.au/job/51165258?type=standout#searchRequestToken=18c7e132-f394-48e6-9ed2-a70322878c10
Oral Surgeon Melbourne,Pacific Smiles Group,,samantha.bissett@pacificsmiles.com.au,https://www.seek.com.au/job/51179658?type=standout#searchRequestToken=d7a78316-cbe0-49ea-8a84-420032e0a6b0
Carers | Assistant In Nursing (AIN) | Support Worker,Prestige Inhome Care,,hywell@prestigeinhomecare.com.au,https://www.seek.com.au/job/51158530?type=standout#searchRequestToken=d7a78316-cbe0-49ea-8a84-420032e0a6b0
Personal Care Attendants (PCA) - Box Hill | Glen Waverley | Kilsyth,Prestige Inhome Care,,jonathan@prestigeinhomecare.com.au,https://www.seek.com.au/job/51207441?type=standout#searchRequestToken=d7a78316-cbe0-49ea-8a84-420032e0a6b0
Student Building Surveyor,Kingston City Council,,,https://www.seek.com.au/job/51199729?type=standout#searchRequestToken=d7a78316-cbe0-49ea-8a84-420032e0a6b0
Student Building Surveyor,Kingston City Council,,,https://www.seek.com.au/job/51199728?type=standout#searchRequestToken=d7a78316-cbe0-49ea-8a84-420032e0a6b0
Personal Care Attendants (PCA) - Frankston | Carrum Downs | Cranbourne,Prestige Inhome Care,,jonathan@prestigeinhomecare.com.au,https://www.seek.com.au/job/51207077?type=standout#searchRequestToken=d7a78316-cbe0-49ea-8a84-420032e0a6b0
"Manager, Risk & Assurance",IAG,,,https://www.seek.com.au/job/51153472?type=standard#searchRequestToken=d7a78316-cbe0-49ea-8a84-420032e0a6b0
Receptionist / Maintenance Manager,NetYourJob,,,https://www.seek.com.au/job/51125461?type=standout#searchRequestToken=d7a78316-cbe0-49ea-8a84-420032e0a6b0
Dental Practitioners - Weekends: Melbourne Inner Suburbs,Pacific Smiles Group,0424732446,katie.perkins@pacificsmiles.com.au,https://www.seek.com.au/job/51179476?type=standout#searchRequestToken=d7a78316-cbe0-49ea-8a84-420032e0a6b0
MS Teams Architect,Wipro,,,https://www.seek.com.au/job/51128140?type=standout#searchRequestToken=d7a78316-cbe0-49ea-8a84-420032e0a6b0
NDIS Roster Coordinator Melbourne,Healthcare Australia NDIS,,,https://www.seek.com.au/job/51108767?type=standard#searchRequestToken=d7a78316-cbe0-49ea-8a84-420032e0a6b0
Team Assistant,Southern Cross Austereo,,,https://www.seek.com.au/job/51203495?type=standout#searchRequestToken=d7a78316-cbe0-49ea-8a84-420032e0a6b0
Store Manager - BCF East Melbourne,Super Retail Group,,,https://www.seek.com.au/job/51191987?type=standard#searchRequestToken=d7a78316-cbe0-49ea-8a84-420032e0a6b0
Compliance Consultant,Bupa Aged Care,,,https://www.seek.com.au/job/51207237?type=standard#searchRequestToken=d7a78316-cbe0-49ea-8a84-420032e0a6b0
"Manager, Risk & Assurance",IAG,,,https://www.seek.com.au/job/51125332?type=standard#searchRequestToken=d7a78316-cbe0-49ea-8a84-420032e0a6b0
Finance Manager,PARKROYAL Monash Melbourne,,careers.prmon@parkroyalhotels.com,https://www.seek.com.au/job/51180285?type=standout#searchRequestToken=d7a78316-cbe0-49ea-8a84-420032e0a6b0
Sonographer ,Healthcare Professionals Group,0403039232,slouey@hpgconnect.com,https://www.seek.com.au/job/51110878?type=standard#searchRequestToken=d7a78316-cbe0-49ea-8a84-420032e0a6b0
WorkCover Administration Coordinator,Wisewould Mahony,,,https://www.seek.com.au/job/51194540?type=standout#searchRequestToken=d7a78316-cbe0-49ea-8a84-420032e0a6b0
Resort Manager,Wyndham Destinations,,,https://www.seek.com.au/job/51121390?type=standout#searchRequestToken=d7a78316-cbe0-49ea-8a84-420032e0a6b0
"Mortgage Broker - Salaried Role - Genuine, Unlimited Leads",Loan Gallery Finance,0499 880 022,sandra.andrews@loangallery.com.au,https://www.seek.com.au/job/51209899?type=standout#searchRequestToken=d7a78316-cbe0-49ea-8a84-420032e0a6b0
Personal Trainer - Vision Personal Training Ivanhoe,HealthyPeople,,,https://www.seek.com.au/job/51212631?type=standout#searchRequestToken=2f2ec54a-2221-4ce4-ad5c-f8f49e872aca
Principal Actuarial Analyst,Talent Insights Group Pty Ltd,0433 129390,lesley.traverso@talentinsights.com.au,https://www.seek.com.au/job/51154198?type=standout#searchRequestToken=2f2ec54a-2221-4ce4-ad5c-f8f49e872aca
Recruitment Branch Manager,Driver Hire Australia,0420 454 077,neil.percy@driverhire.com.au,https://www.seek.com.au/job/51196493?type=standout#searchRequestToken=2f2ec54a-2221-4ce4-ad5c-f8f49e872aca
Assistant Store Manager (Inventory Manager) rebel Melbourne Bourke Street,Rebel,,,https://www.seek.com.au/job/51132006?type=standard#searchRequestToken=2f2ec54a-2221-4ce4-ad5c-f8f49e872aca
Software Engineer (contingent),Leidos Australia Pty Ltd,,,https://www.seek.com.au/job/51189386?type=standout#searchRequestToken=2f2ec54a-2221-4ce4-ad5c-f8f49e872aca
Principal Actuarial Analyst,Talent Insights Group Pty Ltd,0433 129390,lesley.traverso@talentinsights.com.au,https://www.seek.com.au/job/51151219?type=standout#searchRequestToken=2f2ec54a-2221-4ce4-ad5c-f8f49e872aca
Trainee Dental Assistant - Brookvale,HCF,,,https://www.seek.com.au/job/51214316?type=standout#searchRequestToken=2f2ec54a-2221-4ce4-ad5c-f8f49e872aca
Claims Consultant - General Liability,Gallagher Bassett,,,https://www.seek.com.au/job/51211280?type=standout#searchRequestToken=2f2ec54a-2221-4ce4-ad5c-f8f49e872aca
Product Specialist - East Melbourne,Gallagher,,,https://www.seek.com.au/job/51132656?type=standout#searchRequestToken=2f2ec54a-2221-4ce4-ad5c-f8f49e872aca
Procurement Officer,UGL,,,https://www.seek.com.au/job/51140284?type=standout#searchRequestToken=2f2ec54a-2221-4ce4-ad5c-f8f49e872aca
Software Engineer (contingent),Leidos Australia Pty Ltd,,,https://www.seek.com.au/job/51106665?type=standout#searchRequestToken=2f2ec54a-2221-4ce4-ad5c-f8f49e872aca
Senior Cost Controller,UGL,,,https://www.seek.com.au/job/51140037?type=standout#searchRequestToken=2f2ec54a-2221-4ce4-ad5c-f8f49e872aca
Personal Care Attendants (PCA) - Cheltenham | Moorabbin | Brighton,Prestige Inhome Care,,jonathan@prestigeinhomecare.com.au,https://www.seek.com.au/job/51207126?type=standout#searchRequestToken=2f2ec54a-2221-4ce4-ad5c-f8f49e872aca
Personal Care Attendants (PCA) - Lara | Central Geelong | Bellarine,Prestige Inhome Care,,jonathan@prestigeinhomecare.com.au,https://www.seek.com.au/job/51207196?type=standout#searchRequestToken=2f2ec54a-2221-4ce4-ad5c-f8f49e872aca
Personal Care Attendants (PCA) - Balwyn | Toorak | Malvern,Prestige Inhome Care,,jonathan@prestigeinhomecare.com.au,https://www.seek.com.au/job/51207294?type=standout#searchRequestToken=2f2ec54a-2221-4ce4-ad5c-f8f49e872aca
Consultant Business - Oracle SCM,DXC Technology,,,https://www.seek.com.au/job/51167524?type=standard#searchRequestToken=2f2ec54a-2221-4ce4-ad5c-f8f49e872aca
Permanent Personal Care Attendants (PCA) - Mornington | Rye | Portsea,Prestige Inhome Care,,jonathan@prestigeinhomecare.com.au,https://www.seek.com.au/job/51207114?type=standout#searchRequestToken=2f2ec54a-2221-4ce4-ad5c-f8f49e872aca
Medical Receptionist x 2,I-MED Radiology Network,,,https://www.seek.com.au/job/51164275?type=standout#searchRequestToken=2f2ec54a-2221-4ce4-ad5c-f8f49e872aca
Procurement Lead - Marketing & Corporate Services,Sportsbet,,,https://www.seek.com.au/job/51116233?type=standout#searchRequestToken=2f2ec54a-2221-4ce4-ad5c-f8f49e872aca
"WANTED ASAP!! Registered General and Specialty Nurses - Melbourne, Geelong!!",Medical Staff,03 9602 1122,,https://www.seek.com.au/job/51091525?type=standard#searchRequestToken=2f2ec54a-2221-4ce4-ad5c-f8f49e872aca
Graduate Developer,FNZ Limited,,,https://www.seek.com.au/job/51186028?type=standout#searchRequestToken=372af178-0b17-43ad-ba12-b2284268580e
Warranties Supervisor,Fetch Recruitment,,,https://www.seek.com.au/job/51193297?type=standard#searchRequestToken=372af178-0b17-43ad-ba12-b2284268580e
Senior Legal Adviser - Privacy and Regulatory,Bupa,,,https://www.seek.com.au/job/51150462?type=standard#searchRequestToken=372af178-0b17-43ad-ba12-b2284268580e
Senior Associate - Compensation Law,Lander & Rogers Lawyers,,,https://www.seek.com.au/job/51180597?type=standout#searchRequestToken=372af178-0b17-43ad-ba12-b2284268580e
Digital Media Coordinator,Penske Australia,,,https://www.seek.com.au/job/51205430?type=standout#searchRequestToken=372af178-0b17-43ad-ba12-b2284268580e
Digital Media Coordinator,Penske Australia,,,https://www.seek.com.au/job/51205449?type=standout#searchRequestToken=372af178-0b17-43ad-ba12-b2284268580e
Senior Accountant/Assistant Manager- External Audit,KPMG,,,https://www.seek.com.au/job/51185222?type=standout#searchRequestToken=372af178-0b17-43ad-ba12-b2284268580e
Urologist,AMALGAMATED INSTRUMENT GROUP PTY. LTD.,,clinical@urology.company,https://www.seek.com.au/job/51148887?type=standard#searchRequestToken=372af178-0b17-43ad-ba12-b2284268580e
"""A GRADE"" ELECTRICIANS REQUIRED",Green Home Green Planet,0414 481 733,,https://www.seek.com.au/job/51129905?type=standard#searchRequestToken=372af178-0b17-43ad-ba12-b2284268580e
Mercedes-Benz Ringwood Vans | Commercial Vehicles,Eagers Automotive Limited,,,https://www.seek.com.au/job/51148704?type=standout#searchRequestToken=372af178-0b17-43ad-ba12-b2284268580e
Senior Planner,UGL,,,https://www.seek.com.au/job/51140147?type=standout#searchRequestToken=372af178-0b17-43ad-ba12-b2284268580e
Belt Splicer / Conveyor System Technician Level 3,Fenner Dunlop,,,https://www.seek.com.au/job/51161572?type=standout#searchRequestToken=372af178-0b17-43ad-ba12-b2284268580e
Service Advisor,CMI Hino VIC,,,https://www.seek.com.au/job/51139048?type=standout#searchRequestToken=372af178-0b17-43ad-ba12-b2284268580e
Dentist,Pacific Smiles Group,,samantha.bissett@pacificsmiles.com.au,https://www.seek.com.au/job/51179441?type=standout#searchRequestToken=372af178-0b17-43ad-ba12-b2284268580e
Support Coordinator,,,,https://www.seek.com.au/job/51155846?type=standout#searchRequestToken=372af178-0b17-43ad-ba12-b2284268580e
Senior Accountant/Assistant Manager/Manager- Enterprise External Audit,KPMG,,,https://www.seek.com.au/job/51184677?type=standout#searchRequestToken=372af178-0b17-43ad-ba12-b2284268580e
Dentist,Pacific Smiles Group,,samantha.bissett@pacificsmiles.com.au,https://www.seek.com.au/job/51179712?type=standout#searchRequestToken=372af178-0b17-43ad-ba12-b2284268580e
Contract Administrator / Building Estimator Roles - High-End Custom Builder,Talent Partnership,0416 982 988,philippe@talentpartnership.com.au,https://www.seek.com.au/job/51137020?type=standard#searchRequestToken=372af178-0b17-43ad-ba12-b2284268580e
Paraplanner - Full Time or Part Time,,,,https://www.seek.com.au/job/51128003?type=standard#searchRequestToken=372af178-0b17-43ad-ba12-b2284268580e
Dentist,Pacific Smiles Group,,samantha.bissett@pacificsmiles.com.au,https://www.seek.com.au/job/51179428?type=standout#searchRequestToken=372af178-0b17-43ad-ba12-b2284268580e
Domestic Meat Trader,Don KRC,,,https://www.seek.com.au/job/51116127?type=standout#searchRequestToken=859bde8f-a22b-4e78-a500-3a936134b345
Assistant Account Executive - Personal Lines,Ensure Recruitment - Seek Award Winner - Best Small Specialist,0431 037 228,,https://www.seek.com.au/job/51109248?type=standard#searchRequestToken=859bde8f-a22b-4e78-a500-3a936134b345
Service Manager,AHG,,,https://www.seek.com.au/job/51129011?type=standout#searchRequestToken=859bde8f-a22b-4e78-a500-3a936134b345
Professional Tennis Coach,Cagney Tennis Academy,0412 233 310,cagney.tennis@gmail.com,https://www.seek.com.au/job/51192069?type=standard#searchRequestToken=859bde8f-a22b-4e78-a500-3a936134b345
"Assessor, Home Claims",Suncorp,,,https://www.seek.com.au/job/51101760?type=standard#searchRequestToken=859bde8f-a22b-4e78-a500-3a936134b345
Infrastructure Advisor - Associate Director,AECOM,,,https://www.seek.com.au/job/51119146?type=standout#searchRequestToken=859bde8f-a22b-4e78-a500-3a936134b345
Dentist,JK Dental,,,https://www.seek.com.au/job/51090291?type=standard#searchRequestToken=859bde8f-a22b-4e78-a500-3a936134b345
Dentist,Pacific Smiles Group,,samantha.bissett@pacificsmiles.com.au,https://www.seek.com.au/job/51179489?type=standout#searchRequestToken=859bde8f-a22b-4e78-a500-3a936134b345
Organisational Development Consultant (Contracting Opportunity),Benestar Group,,,https://www.seek.com.au/job/51158946?type=standout#searchRequestToken=859bde8f-a22b-4e78-a500-3a936134b345
Facilities & Compliance Supervisor - Industrial ,Spring Professional Ltd,,,https://www.seek.com.au/job/51188735?type=standout#searchRequestToken=859bde8f-a22b-4e78-a500-3a936134b345
Dentist,Pacific Smiles Group,,samantha.bissett@pacificsmiles.com.au,https://www.seek.com.au/job/51179458?type=standout#searchRequestToken=859bde8f-a22b-4e78-a500-3a936134b345
Legal Adviser - Privacy and Regulatory,Bupa,,,https://www.seek.com.au/job/51150833?type=standard#searchRequestToken=859bde8f-a22b-4e78-a500-3a936134b345
Legal Adviser - Privacy and Regulatory,Bupa,,,https://www.seek.com.au/job/51150884?type=standard#searchRequestToken=859bde8f-a22b-4e78-a500-3a936134b345
Legal Counsel and Assistant Company Secretary,AIA Australia,,Owen.Fox@aia.com,https://www.seek.com.au/job/51149825?type=standout#searchRequestToken=859bde8f-a22b-4e78-a500-3a936134b345
Cancer Care Navigator,Peninsula Private Hospital Ramsay Health,,RivettW@ramsayhealth.com.au,https://www.seek.com.au/job/51146592?type=standard#searchRequestToken=859bde8f-a22b-4e78-a500-3a936134b345
Fire Tester - Defence Sites,Grosvenor Engineering Group,,,https://www.seek.com.au/job/51113436?type=standout#searchRequestToken=859bde8f-a22b-4e78-a500-3a936134b345
Strategic Return to Work Specialist,Allianz,,,https://www.seek.com.au/job/51196566?type=standout#searchRequestToken=859bde8f-a22b-4e78-a500-3a936134b345
"Casual Teacher, ATSICA – (Corrections Victoria, Deer Park area)",Box Hill Institute,,K.Huett@boxhill.edu.au,https://www.seek.com.au/job/51180893?type=standout#searchRequestToken=859bde8f-a22b-4e78-a500-3a936134b345
"Casual Teacher, ATSICA – (Corrections Victoria, Deer Park area)",Box Hill Institute,,K.Huett@boxhill.edu.au,https://www.seek.com.au/job/51180892?type=standout#searchRequestToken=859bde8f-a22b-4e78-a500-3a936134b345
Part-time Head of Finance (Property development & Asset manager),Pacific Search Partners,,,https://www.seek.com.au/job/51107327?type=standout#searchRequestToken=859bde8f-a22b-4e78-a500-3a936134b345
Pathologist Assistant/ Scientist Cut Up Grade 3,Peter MacCallum Cancer Centre,0385598591,,https://www.seek.com.au/job/51164660?type=standard#searchRequestToken=642982e4-c588-407a-ae29-e5b75180c917
"Case Consultant, Retail",MLC Life Insurance,,,https://www.seek.com.au/job/51103937?type=standout#searchRequestToken=642982e4-c588-407a-ae29-e5b75180c917
Express Automotive Technician/ Motor Mechanic Mercedes-Benz,Patterson Cheney Cars and Trucks,,,https://www.seek.com.au/job/51135574?type=standout#searchRequestToken=642982e4-c588-407a-ae29-e5b75180c917
Safety Health & Wellbeing Manager,Simplot,,,https://www.seek.com.au/job/51133547?type=standout#searchRequestToken=642982e4-c588-407a-ae29-e5b75180c917
"Analyst, Credit & Portfolio Management - Financial Institution Clients",MUFG Oceania,,,https://www.seek.com.au/job/51097465?type=standout#searchRequestToken=642982e4-c588-407a-ae29-e5b75180c917
"Team Member, Customer Contact",MLC Life Insurance,,,https://www.seek.com.au/job/51131294?type=standout#searchRequestToken=642982e4-c588-407a-ae29-e5b75180c917
"Team Member, Policy Administration",MLC Life Insurance,,,https://www.seek.com.au/job/51131769?type=standout#searchRequestToken=642982e4-c588-407a-ae29-e5b75180c917
Technical Project Officer,Cardno,,,https://www.seek.com.au/job/51177955?type=standout#searchRequestToken=642982e4-c588-407a-ae29-e5b75180c917
Occupational Therapist,ORS Group,,,https://www.seek.com.au/job/51162706?type=standout#searchRequestToken=642982e4-c588-407a-ae29-e5b75180c917
Credit Assessor,Qudos Bank,,,https://www.seek.com.au/job/51097257?type=standout#searchRequestToken=642982e4-c588-407a-ae29-e5b75180c917
Senior Software Engineer,ERM Power,,hr@ermpower.com.au,https://www.seek.com.au/job/51136146?type=standout#searchRequestToken=642982e4-c588-407a-ae29-e5b75180c917
